,Unnamed: 0,Ligand,Receptor,EM,Target,Sender.group,Receiver.group,Ligand_sclog2FC,Receptor_sclog2FC,EM_sclog2FC,Target_sclog2FC,Path,SigWeight_5X,SigWeight_WT,log2FC,adjlog2FC,Ligand_pr_log2FC,Ligand_pr_adjlog2FC,Receptor_pr_log2FC,Receptor_pr_adjlog2FC,EM_pr_log2FC,EM_pr_adjlog2FC,Target_pr_log2FC,Target_pr_adjlog2FC,Ligand_ps_log2FC,Ligand_ps_adjlog2FC,Receptor_ps_log2FC,Receptor_ps_adjlog2FC,EM_ps_log2FC,EM_ps_adjlog2FC,Target_ps_log2FC,Target_ps_adjlog2FC,Ligand_py_log2FC,Ligand_py_adjlog2FC,Receptor_py_log2FC,Receptor_py_adjlog2FC,EM_py_log2FC,EM_py_adjlog2FC,Target_py_log2FC,Target_py_adjlog2FC,sc_up,sc_down,pr_up,pr_down,ps_up,ps_down,py_up,py_down,RNA_score,pr_score,ps_score,py_score,final_score,final_score_wKinase,Kinase_R_of_EM,Kinase_R_of_T,Kinase_EM_of_T,Kinase_R_of_EM_EIcondition1,Kinase_R_of_EM_EIcondition2,Kinase_R_of_T_EIcondition1,Kinase_R_of_T_EIcondition2,Kinase_EM_of_T_EIcondition1,Kinase_EM_of_T_EIcondition2,Kinase_score_5X,Kinase_score_WT,Path.ID
0,1,Nlgn1,Nrxn3,Dlg4,Grin2a,Excitatory.neurons,Excitatory.neurons,0.0492598785693727,0.0117434654668113,0.236225585299372,0.0288111813968336,Nlgn1*Nrxn3*Dlg4*Grin2a,0.567017920100326,0.502163786012408,0.175236339863899,0.175236339863899,0.0013658944952791,0.0002570139964299,0.0199991374617259,0.0199991374617259,-0.0951424699885132,-0.0951424699885132,-0.126087447034081,-0.126087447034081,0.0209967853216716,0.0209967853216716,,,-0.0623504625655674,-0.0572442390848237,0.0146018461827197,0.0146018461827197,,,,,0.0,0.0,0.0,0.0,4,0,2,2,2,1,0,2,0.173464395650194,-0.0500066071050174,-0.0053968210538681,0,0.145762681570751,0.145762681570751,,,,,,,,,,0.0,0.0,Nlgn1*Nrxn3*Dlg4*Grin2a*Excitatory.neurons*Excitatory.neurons
1,2,Nlgn1,Nrxn3,Dlg4,Grin2b,Excitatory.neurons,Excitatory.neurons,0.0492598785693727,0.0117434654668113,0.236225585299372,0.0978667817506634,Nlgn1*Nrxn3*Dlg4*Grin2b,0.575135730304189,0.508227089671011,0.178429191533556,0.178429191533556,0.0013658944952791,0.0002570139964299,0.0199991374617259,0.0199991374617259,-0.0951424699885132,-0.0951424699885132,-0.0439680761525628,-0.0439680761525628,0.0209967853216716,0.0209967853216716,,,-0.0623504625655674,-0.0572442390848237,0.0374105778547751,0.0374105778547751,,,,,0.0,0.0,0.0,0.0,4,0,2,2,2,1,0,2,0.176559450042326,-0.0296356764635016,0.0003012605576085,0,0.16189224208938,0.16189224208938,,,,,,,,,,0.0,0.0,Nlgn1*Nrxn3*Dlg4*Grin2b*Excitatory.neurons*Excitatory.neurons
2,3,Nlgn1,Nrxn3,Dlg2,Grin2a,Excitatory.neurons,Excitatory.neurons,0.0492598785693727,0.0117434654668113,-0.0279253490566827,0.0288111813968336,Nlgn1*Nrxn3*Dlg2*Grin2a,0.681553689578776,0.677182928505081,0.0092817062436866,0.0092817062436866,0.0013658944952791,0.0002570139964299,0.0199991374617259,0.0199991374617259,,,-0.126087447034081,-0.126087447034081,0.0209967853216716,0.0209967853216716,,,,,0.0146018461827197,0.0146018461827197,,,,,,,0.0,0.0,3,1,2,1,2,0,0,1,0.0092814397129878,-0.0262925005366019,0.0088986271955328,0,0.0005845030424533,0.0005845030424533,,,,,,,,,,0.0,0.0,Nlgn1*Nrxn3*Dlg2*Grin2a*Excitatory.neurons*Excitatory.neurons
3,4,Nlgn1,Nrxn3,Dlg2,Grin2b,Excitatory.neurons,Excitatory.neurons,0.0492598785693727,0.0117434654668113,-0.0279253490566827,0.0978667817506634,Nlgn1*Nrxn3*Dlg2*Grin2b,0.691311270952508,0.685359475365525,0.0124745579133425,0.0124745579133425,0.0013658944952791,0.0002570139964299,0.0199991374617259,0.0199991374617259,,,-0.0439680761525628,-0.0439680761525628,0.0209967853216716,0.0209967853216716,,,,,0.0374105778547751,0.0374105778547751,,,,,,,0.0,0.0,3,1,2,1,2,0,0,1,0.0124739108791914,-0.0059215698950859,0.0145967088070095,0,0.0168114803351531,0.0168114803351531,,,,,,,,,,0.0,0.0,Nlgn1*Nrxn3*Dlg2*Grin2b*Excitatory.neurons*Excitatory.neurons
4,5,Rims1,Slc17a7,Snap25,Gria2,Excitatory.neurons,Excitatory.neurons,0.0146467508972712,0.074671719349294,-0.053864320192355,0.0172175847961439,Rims1*Slc17a7*Snap25*Gria2,0.721906077063528,0.719868158193637,0.0040784435363889,0.0040784435363889,,,-0.134233558526082,-0.134233558526082,-0.0568695097714712,-0.0568695097714712,-0.065882797425021,-0.065882797425021,,,,,0.0746593121041717,0.0716150817330258,0.127462969294651,0.0504432156004126,,,,,,,0.0,0.0,3,1,0,3,2,0,0,1,0.0040784209233351,-0.0640072532105973,0.0304733439229731,0,-0.012688533720477,-0.012688533720477,,,,,,,,,,0.0,0.0,Rims1*Slc17a7*Snap25*Gria2*Excitatory.neurons*Excitatory.neurons
5,6,Slitrk1,Ptprs,Ntrk2,Atp11b,Excitatory.neurons,Excitatory.neurons,-0.0462615339603219,-0.0045516056427122,0.179178200288887,-0.0149038530877551,Slitrk1*Ptprs*Ntrk2*Atp11b,0.517034483339666,0.528056664938861,-0.0304322477233101,-0.0293293425554618,-0.0962401401933578,-0.0386743654658508,-0.0902497700065452,-0.0902497700065452,0.124245145864787,0.0953977459224786,,,0.12242985029715,0.0335627412826848,0.230319103751404,0.103014698141602,0.147060358974954,0.0311973012667061,,,,,,,0.0,0.0,,,1,3,1,2,3,0,0,1,-0.0293209356469414,-0.0083878082309007,0.041847292179869,0,-0.0125911936724572,-0.0125911936724572,,,,,,,,,,0.0,0.0,Slitrk1*Ptprs*Ntrk2*Atp11b*Excitatory.neurons*Excitatory.neurons
6,7,Slitrk1,Ptprs,Ntrk2,Hdac7,Excitatory.neurons,Excitatory.neurons,-0.0462615339603219,-0.0045516056427122,0.179178200288887,0.054320191978743,Slitrk1*Ptprs*Ntrk2*Hdac7,0.345019421586624,0.317623508036665,0.11935988176789,0.0678442726464887,-0.0962401401933578,-0.0386743654658508,-0.0902497700065452,-0.0902497700065452,0.124245145864787,0.0953977459224786,,,0.12242985029715,0.0335627412826848,0.230319103751404,0.103014698141602,0.147060358974954,0.0311973012667061,,,,,,,0.0,0.0,,,2,2,1,2,3,0,0,1,0.0677403717070846,-0.0083878082309007,0.041847292179869,0,0.0844701136815687,0.0844701136815687,,,,,,,,,,0.0,0.0,Slitrk1*Ptprs*Ntrk2*Hdac7*Excitatory.neurons*Excitatory.neurons
7,8,Slitrk1,Ptprs,Ntrk2,Cadps2,Excitatory.neurons,Excitatory.neurons,-0.0462615339603219,-0.0045516056427122,0.179178200288887,0.0159651004573388,Slitrk1*Ptprs*Ntrk2*Cadps2,0.348145385475353,0.339567470516225,0.0359916412842362,0.0207228635806247,-0.0962401401933578,-0.0386743654658508,-0.0902497700065452,-0.0902497700065452,0.124245145864787,0.0953977459224786,-0.0650752060575233,-0.0650752060575233,0.12242985029715,0.0335627412826848,0.230319103751404,0.103014698141602,0.147060358974954,0.0311973012667061,-0.0509947598472519,-0.0403240911866041,,,,,0.0,0.0,,,2,2,1,3,3,1,0,1,0.0207198977014467,-0.0246336836343259,0.0317717298546799,0,0.0242889208116237,0.0242889208116237,,,,,,,,,,0.0,0.0,Slitrk1*Ptprs*Ntrk2*Cadps2*Excitatory.neurons*Excitatory.neurons
8,9,Slitrk1,Ptprs,Ntrk2,Trmt6,Excitatory.neurons,Excitatory.neurons,-0.0462615339603219,-0.0045516056427122,0.179178200288887,-0.143012570060036,Slitrk1*Ptprs*Ntrk2*Trmt6,0.338912282253268,0.40883671937997,-0.27061285538176,-0.193729624633631,-0.0962401401933578,-0.0386743654658508,-0.0902497700065452,-0.0902497700065452,0.124245145864787,0.0953977459224786,-0.0076423394694835,-0.0017911323434112,0.12242985029715,0.0335627412826848,0.230319103751404,0.103014698141602,0.147060358974954,0.0311973012667061,,,,,,,0.0,0.0,,,1,3,1,3,3,0,0,1,-0.191341831902589,-0.0088355908379016,0.041847292179869,0,-0.174835981231605,-0.174835981231605,,,,,,,,,,0.0,0.0,Slitrk1*Ptprs*Ntrk2*Trmt6*Excitatory.neurons*Excitatory.neurons
9,10,Slitrk1,Ptprs,Ntrk2,Ralyl,Excitatory.neurons,Excitatory.neurons,-0.0462615339603219,-0.0045516056427122,0.179178200288887,-0.17451209619779,Slitrk1*Ptprs*Ntrk2*Ralyl,0.527813826553515,0.562228330092469,-0.0911270075897276,-0.0911270075897276,-0.0962401401933578,-0.0386743654658508,-0.0902497700065452,-0.0902497700065452,0.124245145864787,0.0953977459224786,-0.0116602122133546,-0.0051274916590334,0.12242985029715,0.0335627412826848,0.230319103751404,0.103014698141602,0.147060358974954,0.0311973012667061,,,,,,,0.0,0.0,,,1,3,1,3,3,0,0,1,-0.0908755990966121,-0.0096696699117973,0.041847292179869,0,-0.0747867879625763,-0.0747867879625763,,,,,,,,,,0.0,0.0,Slitrk1*Ptprs*Ntrk2*Ralyl*Excitatory.neurons*Excitatory.neurons
10,11,Slitrk1,Ptprs,Ntrk2,Tusc3,Excitatory.neurons,Excitatory.neurons,-0.0462615339603219,-0.0045516056427122,0.179178200288887,-0.167731048325217,Slitrk1*Ptprs*Ntrk2*Tusc3,0.530634398360359,0.56563304860769,-0.0921482146208767,-0.0921482146208767,-0.0962401401933578,-0.0386743654658508,-0.0902497700065452,-0.0902497700065452,0.124245145864787,0.0953977459224786,,,0.12242985029715,0.0335627412826848,0.230319103751404,0.103014698141602,0.147060358974954,0.0311973012667061,,,,,,,0.0,0.0,,,1,3,1,2,3,0,0,1,-0.0918882782861509,-0.0083878082309007,0.041847292179869,0,-0.0751585363116667,-0.0751585363116667,,,,,,,,,,0.0,0.0,Slitrk1*Ptprs*Ntrk2*Tusc3*Excitatory.neurons*Excitatory.neurons
11,12,Slitrk1,Ptprs,Ntrk2,Cnrip1,Excitatory.neurons,Excitatory.neurons,-0.0462615339603219,-0.0045516056427122,0.179178200288887,-0.0584468692143867,Slitrk1*Ptprs*Ntrk2*Cnrip1,0.465738382998623,0.491841258783073,-0.078672978277821,-0.0702632436637912,-0.0962401401933578,-0.0386743654658508,-0.0902497700065452,-0.0902497700065452,0.124245145864787,0.0953977459224786,-0.211186278673781,-0.211186278673781,0.12242985029715,0.0335627412826848,0.230319103751404,0.103014698141602,0.147060358974954,0.0311973012667061,,,,,,,0.0,0.0,,,1,3,1,3,3,0,0,1,-0.0701478434630434,-0.0604132294200449,0.041847292179869,0,-0.0794308120831313,-0.0794308120831313,,,,,,,,,,0.0,0.0,Slitrk1*Ptprs*Ntrk2*Cnrip1*Excitatory.neurons*Excitatory.neurons
12,13,Slitrk1,Ptprs,Ntrk2,Etl4,Excitatory.neurons,Excitatory.neurons,-0.0462615339603219,-0.0045516056427122,0.179178200288887,-0.0044884802195705,Slitrk1*Ptprs*Ntrk2*Etl4,0.540175976713922,0.553576512082531,-0.0353532514023801,-0.0353532514023801,-0.0962401401933578,-0.0386743654658508,-0.0902497700065452,-0.0902497700065452,0.124245145864787,0.0953977459224786,,,0.12242985029715,0.0335627412826848,0.230319103751404,0.103014698141602,0.147060358974954,0.0311973012667061,,,,,,,0.0,0.0,,,1,3,1,2,3,0,0,1,-0.0353385299803205,-0.0083878082309007,0.041847292179869,0,-0.0186087880058363,-0.0186087880058363,,,,,,,,,,0.0,0.0,Slitrk1*Ptprs*Ntrk2*Etl4*Excitatory.neurons*Excitatory.neurons
13,14,Slitrk1,Ptprs,Ntrk2,Psma1,Excitatory.neurons,Excitatory.neurons,-0.0462615339603219,-0.0045516056427122,0.179178200288887,-0.0719565470927465,Slitrk1*Ptprs*Ntrk2*Psma1,0.428009116333833,0.46136829575546,-0.108277343022625,-0.0899125181760329,-0.0962401401933578,-0.0386743654658508,-0.0902497700065452,-0.0902497700065452,0.124245145864787,0.0953977459224786,0.0476190899251048,0.0476190899251048,0.12242985029715,0.0335627412826848,0.230319103751404,0.103014698141602,0.147060358974954,0.0311973012667061,0.0975192108406754,0.0256047659879924,,,,,0.0,0.0,,,1,3,2,2,4,0,0,1,-0.0896710070358293,0.0035079740723573,0.0482470851612768,0,-0.0637934774190123,-0.0637934774190123,,,,,,,,,,0.0,0.0,Slitrk1*Ptprs*Ntrk2*Psma1*Excitatory.neurons*Excitatory.neurons
14,15,Slitrk1,Ptprs,Ntrk2,Lsm7,Excitatory.neurons,Excitatory.neurons,-0.0462615339603219,-0.0045516056427122,0.179178200288887,-0.0680187306554718,Slitrk1*Ptprs*Ntrk2*Lsm7,0.44683960064175,0.478000693559519,-0.0972556628360563,-0.0841242946942133,-0.0962401401933578,-0.0386743654658508,-0.0902497700065452,-0.0902497700065452,0.124245145864787,0.0953977459224786,0.130358395763769,0.0658322693919983,0.12242985029715,0.0335627412826848,0.230319103751404,0.103014698141602,0.147060358974954,0.0311973012667061,,,,,,,0.0,0.0,,,1,3,2,2,3,0,0,1,-0.0839264085216301,0.008046524456413,0.041847292179869,0,-0.0589795002034891,-0.0589795002034891,,,,,,,,,,0.0,0.0,Slitrk1*Ptprs*Ntrk2*Lsm7*Excitatory.neurons*Excitatory.neurons
15,16,Slitrk1,Ptprs,Ntrk2,Olfm1,Excitatory.neurons,Excitatory.neurons,-0.0462615339603219,-0.0045516056427122,0.179178200288887,-0.0324959774070791,Slitrk1*Ptprs*Ntrk2*Olfm1,0.55967796242007,0.577784980378815,-0.0459357592170613,-0.0459357592170613,-0.0962401401933578,-0.0386743654658508,-0.0902497700065452,-0.0902497700065452,0.124245145864787,0.0953977459224786,-0.227098863707635,-0.227098863707635,0.12242985029715,0.0335627412826848,0.230319103751404,0.103014698141602,0.147060358974954,0.0311973012667061,,,,,,,0.0,0.0,,,1,3,1,3,3,0,0,1,-0.0459034768747132,-0.064206216469909,0.041847292179869,0,-0.0570829390197332,-0.0570829390197332,,,,,,,,,,0.0,0.0,Slitrk1*Ptprs*Ntrk2*Olfm1*Excitatory.neurons*Excitatory.neurons
16,17,Slitrk1,Ptprs,Ntrk2,Khdrbs3,Excitatory.neurons,Excitatory.neurons,-0.0462615339603219,-0.0045516056427122,0.179178200288887,0.034447387936801,Slitrk1*Ptprs*Ntrk2*Khdrbs3,0.318400750482426,0.299051814214848,0.0904482665481375,0.0457113139369799,-0.0962401401933578,-0.0386743654658508,-0.0902497700065452,-0.0902497700065452,0.124245145864787,0.0953977459224786,-0.141572695109573,-0.105370148521891,0.12242985029715,0.0335627412826848,0.230319103751404,0.103014698141602,0.147060358974954,0.0311973012667061,,,,,,,0.0,0.0,,,2,2,1,3,3,0,0,1,0.0456795022260237,-0.0346332838305473,0.041847292179869,0,0.0492865064006845,0.0492865064006845,,,,,,,,,,0.0,0.0,Slitrk1*Ptprs*Ntrk2*Khdrbs3*Excitatory.neurons*Excitatory.neurons
17,18,Slitrk1,Ptprs,Ntrk2,Dlg4,Excitatory.neurons,Excitatory.neurons,-0.0462615339603219,-0.0045516056427122,0.179178200288887,0.236225585299372,Slitrk1*Ptprs*Ntrk2*Dlg4,0.494340548934574,0.452035762444905,0.129068335481484,0.115918667251823,-0.0962401401933578,-0.0386743654658508,-0.0902497700065452,-0.0902497700065452,0.124245145864787,0.0953977459224786,-0.0951424699885132,-0.0951424699885132,0.12242985029715,0.0335627412826848,0.230319103751404,0.103014698141602,0.147060358974954,0.0311973012667061,-0.0623504625655674,-0.0572442390848237,,,,,0.0,0.0,0.0,0.0,2,2,1,3,3,1,0,2,0.115402237787422,-0.0321019147993163,0.0275518439304681,0,0.113127202352998,0.113127202352998,,,,,,,,,,0.0,0.0,Slitrk1*Ptprs*Ntrk2*Dlg4*Excitatory.neurons*Excitatory.neurons
18,19,Slitrk1,Ptprs,Ntrk2,Srpk2,Excitatory.neurons,Excitatory.neurons,-0.0462615339603219,-0.0045516056427122,0.179178200288887,-0.0074009114611404,Slitrk1*Ptprs*Ntrk2*Srpk2,0.556043496003199,0.571523961765714,-0.0396162453844432,-0.0396162453844432,-0.0962401401933578,-0.0386743654658508,-0.0902497700065452,-0.0902497700065452,0.124245145864787,0.0953977459224786,,,0.12242985029715,0.0335627412826848,0.230319103751404,0.103014698141602,0.147060358974954,0.0311973012667061,,,,,,,0.0,0.0,,,1,3,1,2,3,0,0,1,-0.0395955331892078,-0.0083878082309007,0.041847292179869,0,-0.0228657912147237,-0.0228657912147237,,,,,,,,,,0.0,0.0,Slitrk1*Ptprs*Ntrk2*Srpk2*Excitatory.neurons*Excitatory.neurons
19,20,Slitrk1,Ptprs,Ntrk2,Frmd6,Excitatory.neurons,Excitatory.neurons,-0.0462615339603219,-0.0045516056427122,0.179178200288887,0.135429547882482,Slitrk1*Ptprs*Ntrk2*Frmd6,0.3145776053808,0.255926774515551,0.297684882721588,0.147745830885312,-0.0962401401933578,-0.0386743654658508,-0.0902497700065452,-0.0902497700065452,0.124245145864787,0.0953977459224786,,,0.12242985029715,0.0335627412826848,0.230319103751404,0.103014698141602,0.147060358974954,0.0311973012667061,0.261973021560564,0.154169359407128,,,,,0.0,0.0,,,2,2,1,2,4,0,0,1,0.146680095850109,-0.0083878082309007,0.0800871469459246,0,0.182529765207621,0.182529765207621,,,,,,,,,,0.0,0.0,Slitrk1*Ptprs*Ntrk2*Frmd6*Excitatory.neurons*Excitatory.neurons
20,21,Slitrk1,Ptprs,Ntrk2,Tacc1,Excitatory.neurons,Excitatory.neurons,-0.0462615339603219,-0.0045516056427122,0.179178200288887,0.0830666657002545,Slitrk1*Ptprs*Ntrk2*Tacc1,0.529591389936506,0.53322639419372,-0.009868527120872,-0.0096069271899179,-0.0962401401933578,-0.0386743654658508,-0.0902497700065452,-0.0902497700065452,0.124245145864787,0.0953977459224786,,,0.12242985029715,0.0335627412826848,0.230319103751404,0.103014698141602,0.147060358974954,0.0311973012667061,,,,,,,0.0,0.0,,,2,2,1,2,3,0,0,1,-0.009606631649958,-0.0083878082309007,0.041847292179869,0,0.0071231103245261,0.0071231103245261,,,,,,,,,,0.0,0.0,Slitrk1*Ptprs*Ntrk2*Tacc1*Excitatory.neurons*Excitatory.neurons
21,22,Slitrk1,Ptprs,Ntrk2,Ipcef1,Excitatory.neurons,Excitatory.neurons,-0.0462615339603219,-0.0045516056427122,0.179178200288887,0.03825965512059,Slitrk1*Ptprs*Ntrk2*Ipcef1,0.230446905400917,0.202729703975734,0.184876906197723,0.0556386943585906,-0.0962401401933578,-0.0386743654658508,-0.0902497700065452,-0.0902497700065452,0.124245145864787,0.0953977459224786,-0.100374902828065,-0.0657586486343457,0.12242985029715,0.0335627412826848,0.230319103751404,0.103014698141602,0.147060358974954,0.0311973012667061,,,,,,,0.0,0.0,,,2,2,1,3,3,0,0,1,0.0555813524552651,-0.0248038151762686,0.041847292179869,0,0.0641030909570653,0.0641030909570653,,,,,,,,,,0.0,0.0,Slitrk1*Ptprs*Ntrk2*Ipcef1*Excitatory.neurons*Excitatory.neurons
22,23,Slitrk1,Ptprs,Ntrk2,Dmtn,Excitatory.neurons,Excitatory.neurons,-0.0462615339603219,-0.0045516056427122,0.179178200288887,0.0968769512257763,Slitrk1*Ptprs*Ntrk2*Dmtn,0.497253419718823,0.488606509728674,0.0253082079870016,0.0228770036997345,-0.0962401401933578,-0.0386743654658508,-0.0902497700065452,-0.0902497700065452,0.124245145864787,0.0953977459224786,-0.0997309810882284,-0.0997309810882284,0.12242985029715,0.0335627412826848,0.230319103751404,0.103014698141602,0.147060358974954,0.0311973012667061,0.0075772376573898,0.0075772376573898,,,,,0.0,0.0,,,2,2,1,3,4,0,0,1,0.0228730135860848,-0.0332382184643026,0.0437415653414205,0,0.0281246870246438,0.0281246870246438,,,,,,,,,,0.0,0.0,Slitrk1*Ptprs*Ntrk2*Dmtn*Excitatory.neurons*Excitatory.neurons
23,24,Slitrk1,Ptprs,Ntrk2,Kcnj9,Excitatory.neurons,Excitatory.neurons,-0.0462615339603219,-0.0045516056427122,0.179178200288887,-0.0630631160524204,Slitrk1*Ptprs*Ntrk2*Kcnj9,0.421498818148388,0.446012322078335,-0.0815549823798142,-0.0650576070876981,-0.0962401401933578,-0.0386743654658508,-0.0902497700065452,-0.0902497700065452,0.124245145864787,0.0953977459224786,-0.0765684776913771,-0.001349070501331,0.12242985029715,0.0335627412826848,0.230319103751404,0.103014698141602,0.147060358974954,0.0311973012667061,,,,,,,0.0,0.0,,,1,3,1,3,3,0,0,1,-0.0649659769417414,-0.0087250756516256,0.041847292179869,0,-0.0484048686776197,-0.0484048686776197,,,,,,,,,,0.0,0.0,Slitrk1*Ptprs*Ntrk2*Kcnj9*Excitatory.neurons*Excitatory.neurons
24,25,Slitrk1,Ptprs,Ntrk2,Camkv,Excitatory.neurons,Excitatory.neurons,-0.0462615339603219,-0.0045516056427122,0.179178200288887,-0.115224573448841,Slitrk1*Ptprs*Ntrk2*Camkv,0.526655992308571,0.552192004300463,-0.0683090858962239,-0.0683090858962239,-0.0962401401933578,-0.0386743654658508,-0.0902497700065452,-0.0902497700065452,0.124245145864787,0.0953977459224786,-0.111897543688711,-0.111897543688711,0.12242985029715,0.0335627412826848,0.230319103751404,0.103014698141602,0.147060358974954,0.0311973012667061,0.0647143651166602,0.0647143651166602,,,,,0.0,0.0,,,1,3,1,3,4,0,0,1,-0.0682030374402195,-0.0362460196454351,0.0580033361903335,0,-0.0573243791677703,-0.0573243791677703,,,,,,,,,,0.0,0.0,Slitrk1*Ptprs*Ntrk2*Camkv*Excitatory.neurons*Excitatory.neurons
25,26,Slitrk1,Ptprs,Ntrk2,Atcay,Excitatory.neurons,Excitatory.neurons,-0.0462615339603219,-0.0045516056427122,0.179178200288887,0.0086425319310216,Slitrk1*Ptprs*Ntrk2*Atcay,0.455275635156286,0.459580175701035,-0.013576314544559,-0.0112224785443423,-0.0962401401933578,-0.0386743654658508,-0.0902497700065452,-0.0902497700065452,0.124245145864787,0.0953977459224786,-0.0366669671358398,-0.0326942662758657,0.12242985029715,0.0335627412826848,0.230319103751404,0.103014698141602,0.147060358974954,0.0311973012667061,,,,,,,0.0,0.0,,,2,2,1,3,3,0,0,1,-0.0112220074333709,-0.0165584637617566,0.041847292179869,0,0.0014224067756853,0.0014224067756853,,,,,,,,,,0.0,0.0,Slitrk1*Ptprs*Ntrk2*Atcay*Excitatory.neurons*Excitatory.neurons
26,27,Slitrk1,Ptprs,Ntrk2,Slc50a1,Excitatory.neurons,Excitatory.neurons,-0.0462615339603219,-0.0045516056427122,0.179178200288887,-0.176074218708515,Slitrk1*Ptprs*Ntrk2*Slc50a1,0.448034290767451,0.501017010417528,-0.161250431647067,-0.146965591788718,-0.0962401401933578,-0.0386743654658508,-0.0902497700065452,-0.0902497700065452,0.124245145864787,0.0953977459224786,,,0.12242985029715,0.0335627412826848,0.230319103751404,0.103014698141602,0.147060358974954,0.0311973012667061,,,,,,,0.0,0.0,,,1,3,1,2,3,0,0,1,-0.145916556408347,-0.0083878082309007,0.041847292179869,0,-0.129186814433863,-0.129186814433863,,,,,,,,,,0.0,0.0,Slitrk1*Ptprs*Ntrk2*Slc50a1*Excitatory.neurons*Excitatory.neurons
27,28,Slitrk1,Ptprs,Ntrk2,Klc2,Excitatory.neurons,Excitatory.neurons,-0.0462615339603219,-0.0045516056427122,0.179178200288887,0.0165695323619768,Slitrk1*Ptprs*Ntrk2*Klc2,0.41379434012981,0.413943978687558,-0.0005216209099729,-0.0003793981938486,-0.0962401401933578,-0.0386743654658508,-0.0902497700065452,-0.0902497700065452,0.124245145864787,0.0953977459224786,,,0.12242985029715,0.0335627412826848,0.230319103751404,0.103014698141602,0.147060358974954,0.0311973012667061,,,,,,,0.0,0.0,,,2,2,1,2,3,0,0,1,-0.0003793981756448,-0.0083878082309007,0.041847292179869,0,0.0163503437988393,0.0163503437988393,,,,,,,,,,0.0,0.0,Slitrk1*Ptprs*Ntrk2*Klc2*Excitatory.neurons*Excitatory.neurons
28,29,Lrfn5,Ptprs,Ntrk2,Atp11b,Excitatory.neurons,Excitatory.neurons,0.0591015220707671,-0.0045516056427122,0.179178200288887,-0.0149038530877551,Lrfn5*Ptprs*Ntrk2*Atp11b,0.653313868769121,0.646192075386612,0.0158132079465827,0.0158132079465827,-0.127200237789237,-0.0022010106290433,-0.0902497700065452,-0.0902497700065452,0.124245145864787,0.0953977459224786,,,,,0.230319103751404,0.103014698141602,0.147060358974954,0.0311973012667061,,,,,,,0.0,0.0,,,2,2,1,2,2,0,0,1,0.0158118900077513,0.0007257137906477,0.0334597560240015,0,0.0329046249150759,0.0329046249150759,,,,,,,,,,0.0,0.0,Lrfn5*Ptprs*Ntrk2*Atp11b*Excitatory.neurons*Excitatory.neurons
29,30,Lrfn5,Ptprs,Ntrk2,Hdac7,Excitatory.neurons,Excitatory.neurons,0.0591015220707671,-0.0045516056427122,0.179178200288887,0.054320191978743,Lrfn5*Ptprs*Ntrk2*Hdac7,0.435959264576094,0.388681381142215,0.165605337437783,0.128502108694108,-0.127200237789237,-0.0022010106290433,-0.0902497700065452,-0.0902497700065452,0.124245145864787,0.0953977459224786,,,,,0.230319103751404,0.103014698141602,0.147060358974954,0.0311973012667061,,,,,,,0.0,0.0,,,3,1,1,2,2,0,0,1,0.12779944000995,0.0007257137906477,0.0334597560240015,0,0.144892174917275,0.144892174917275,,,,,,,,,,0.0,0.0,Lrfn5*Ptprs*Ntrk2*Hdac7*Excitatory.neurons*Excitatory.neurons
30,31,Lrfn5,Ptprs,Ntrk2,Cadps2,Excitatory.neurons,Excitatory.neurons,0.0591015220707671,-0.0045516056427122,0.179178200288887,0.0159651004573388,Lrfn5*Ptprs*Ntrk2*Cadps2,0.439909166618579,0.41553458762246,0.0822370969541288,0.0645181054638163,-0.127200237789237,-0.0022010106290433,-0.0902497700065452,-0.0902497700065452,0.124245145864787,0.0953977459224786,-0.0650752060575233,-0.0650752060575233,,,0.230319103751404,0.103014698141602,0.147060358974954,0.0311973012667061,-0.0509947598472519,-0.0403240911866041,,,,,0.0,0.0,,,3,1,1,3,2,1,0,1,0.0644287335487763,-0.0155201616127774,0.0233841936988124,0,0.0683607495917938,0.0683607495917938,,,,,,,,,,0.0,0.0,Lrfn5*Ptprs*Ntrk2*Cadps2*Excitatory.neurons*Excitatory.neurons
31,32,Lrfn5,Ptprs,Ntrk2,Trmt6,Excitatory.neurons,Excitatory.neurons,0.0591015220707671,-0.0045516056427122,0.179178200288887,-0.143012570060036,Lrfn5*Ptprs*Ntrk2*Trmt6,0.428242412115471,0.500300565699675,-0.224367399711868,-0.204172648727033,-0.127200237789237,-0.0022010106290433,-0.0902497700065452,-0.0902497700065452,0.124245145864787,0.0953977459224786,-0.0076423394694835,-0.0017911323434112,,,0.230319103751404,0.103014698141602,0.147060358974954,0.0311973012667061,,,,,,,0.0,0.0,,,2,2,1,3,2,0,0,1,-0.20138209186198,0.0002779311836468,0.0334597560240015,0,-0.184513248258156,-0.184513248258156,,,,,,,,,,0.0,0.0,Lrfn5*Ptprs*Ntrk2*Trmt6*Excitatory.neurons*Excitatory.neurons
32,33,Lrfn5,Ptprs,Ntrk2,Ralyl,Excitatory.neurons,Excitatory.neurons,0.0591015220707671,-0.0045516056427122,0.179178200288887,-0.17451209619779,Lrfn5*Ptprs*Ntrk2*Ralyl,0.666934419515256,0.688008533147981,-0.0448815519198349,-0.0448815519198349,-0.127200237789237,-0.0022010106290433,-0.0902497700065452,-0.0902497700065452,0.124245145864787,0.0953977459224786,-0.0116602122133546,-0.0051274916590334,,,0.230319103751404,0.103014698141602,0.147060358974954,0.0311973012667061,,,,,,,0.0,0.0,,,2,2,1,3,2,0,0,1,-0.0448514404082648,-0.0005561478902488,0.0334597560240015,0,-0.0283996363413885,-0.0283996363413885,,,,,,,,,,0.0,0.0,Lrfn5*Ptprs*Ntrk2*Ralyl*Excitatory.neurons*Excitatory.neurons
33,34,Lrfn5,Ptprs,Ntrk2,Tusc3,Excitatory.neurons,Excitatory.neurons,0.0591015220707671,-0.0045516056427122,0.179178200288887,-0.167731048325217,Lrfn5*Ptprs*Ntrk2*Tusc3,0.670498434563861,0.692174946091018,-0.0459027589509838,-0.0459027589509838,-0.127200237789237,-0.0022010106290433,-0.0902497700065452,-0.0902497700065452,0.124245145864787,0.0953977459224786,,,,,0.230319103751404,0.103014698141602,0.147060358974954,0.0311973012667061,,,,,,,0.0,0.0,,,2,2,1,2,2,0,0,1,-0.0458705460945874,0.0007257137906477,0.0334597560240015,0,-0.0287778111872628,-0.0287778111872628,,,,,,,,,,0.0,0.0,Lrfn5*Ptprs*Ntrk2*Tusc3*Excitatory.neurons*Excitatory.neurons
34,35,Lrfn5,Ptprs,Ntrk2,Cnrip1,Excitatory.neurons,Excitatory.neurons,0.0591015220707671,-0.0045516056427122,0.179178200288887,-0.0584468692143867,Lrfn5*Ptprs*Ntrk2*Cnrip1,0.588497198225001,0.601874656407556,-0.0324275226079283,-0.0324275226079283,-0.127200237789237,-0.0022010106290433,-0.0902497700065452,-0.0902497700065452,0.124245145864787,0.0953977459224786,-0.211186278673781,-0.211186278673781,,,0.230319103751404,0.103014698141602,0.147060358974954,0.0311973012667061,,,,,,,0.0,0.0,,,2,2,1,3,2,0,0,1,-0.0324161610620889,-0.0512997073984964,0.0334597560240015,0,-0.0413361367493364,-0.0413361367493364,,,,,,,,,,0.0,0.0,Lrfn5*Ptprs*Ntrk2*Cnrip1*Excitatory.neurons*Excitatory.neurons
35,36,Lrfn5,Ptprs,Ntrk2,Etl4,Excitatory.neurons,Excitatory.neurons,0.0591015220707671,-0.0045516056427122,0.179178200288887,-0.0044884802195705,Lrfn5*Ptprs*Ntrk2*Etl4,0.682554971737292,0.677421153787177,0.0108922042675129,0.0108922042675129,-0.127200237789237,-0.0022010106290433,-0.0902497700065452,-0.0902497700065452,0.124245145864787,0.0953977459224786,,,,,0.230319103751404,0.103014698141602,0.147060358974954,0.0311973012667061,,,,,,,0.0,0.0,,,2,2,1,2,2,0,0,1,0.0108917735371692,0.0007257137906477,0.0334597560240015,0,0.0279845084444938,0.0279845084444938,,,,,,,,,,0.0,0.0,Lrfn5*Ptprs*Ntrk2*Etl4*Excitatory.neurons*Excitatory.neurons
36,37,Lrfn5,Ptprs,Ntrk2,Psma1,Excitatory.neurons,Excitatory.neurons,0.0591015220707671,-0.0045516056427122,0.179178200288887,-0.0719565470927465,Lrfn5*Ptprs*Ntrk2*Psma1,0.540823292586483,0.564584364419153,-0.0620318873527318,-0.0620318873527318,-0.127200237789237,-0.0022010106290433,-0.0902497700065452,-0.0902497700065452,0.124245145864787,0.0953977459224786,0.0476190899251048,0.0476190899251048,,,0.230319103751404,0.103014698141602,0.147060358974954,0.0311973012667061,0.0975192108406754,0.0256047659879924,,,,,0.0,0.0,,,2,2,2,2,3,0,0,1,-0.0619524443230713,0.0126214960939058,0.0398595490054092,0,-0.0357119217734138,-0.0357119217734138,,,,,,,,,,0.0,0.0,Lrfn5*Ptprs*Ntrk2*Psma1*Excitatory.neurons*Excitatory.neurons
37,38,Lrfn5,Ptprs,Ntrk2,Lsm7,Excitatory.neurons,Excitatory.neurons,0.0591015220707671,-0.0045516056427122,0.179178200288887,-0.0680187306554718,Lrfn5*Ptprs*Ntrk2*Lsm7,0.564617095418623,0.584937717324763,-0.0510102071661637,-0.0510102071661637,-0.127200237789237,-0.0022010106290433,-0.0902497700065452,-0.0902497700065452,0.124245145864787,0.0953977459224786,0.130358395763769,0.0658322693919983,,,0.230319103751404,0.103014698141602,0.147060358974954,0.0311973012667061,,,,,,,0.0,0.0,,,2,2,2,2,2,0,0,1,-0.050966009612983,0.0171600464779616,0.0334597560240015,0,-0.0256561083620015,-0.0256561083620015,,,,,,,,,,0.0,0.0,Lrfn5*Ptprs*Ntrk2*Lsm7*Excitatory.neurons*Excitatory.neurons
38,39,Lrfn5,Ptprs,Ntrk2,Olfm1,Excitatory.neurons,Excitatory.neurons,0.0591015220707671,-0.0045516056427122,0.179178200288887,-0.0324959774070791,Lrfn5*Ptprs*Ntrk2*Olfm1,0.707197269574114,0.707045475207527,0.0003096964528314,0.0003096964528314,-0.127200237789237,-0.0022010106290433,-0.0902497700065452,-0.0902497700065452,0.124245145864787,0.0953977459224786,-0.227098863707635,-0.227098863707635,,,0.230319103751404,0.103014698141602,0.147060358974954,0.0311973012667061,,,,,,,0.0,0.0,,,2,2,1,3,2,0,0,1,0.0003096964429303,-0.0550926944483605,0.0334597560240015,0,-0.0105067727692492,-0.0105067727692492,,,,,,,,,,0.0,0.0,Lrfn5*Ptprs*Ntrk2*Olfm1*Excitatory.neurons*Excitatory.neurons
39,40,Lrfn5,Ptprs,Ntrk2,Khdrbs3,Excitatory.neurons,Excitatory.neurons,0.0591015220707671,-0.0045516056427122,0.179178200288887,0.034447387936801,Lrfn5*Ptprs*Ntrk2*Khdrbs3,0.402324473162865,0.365954878153082,0.13669372221803,0.0958495814210602,-0.127200237789237,-0.0022010106290433,-0.0902497700065452,-0.0902497700065452,0.124245145864787,0.0953977459224786,-0.141572695109573,-0.105370148521891,,,0.230319103751404,0.103014698141602,0.147060358974954,0.0311973012667061,,,,,,,0.0,0.0,,,3,1,1,3,2,0,0,1,0.0955571281845433,-0.0255197618089988,0.0334597560240015,0,0.0995271252920446,0.0995271252920446,,,,,,,,,,0.0,0.0,Lrfn5*Ptprs*Ntrk2*Khdrbs3*Excitatory.neurons*Excitatory.neurons
40,41,Lrfn5,Ptprs,Ntrk2,Dlg4,Excitatory.neurons,Excitatory.neurons,0.0591015220707671,-0.0045516056427122,0.179178200288887,0.236225585299372,Lrfn5*Ptprs*Ntrk2*Dlg4,0.624638291875261,0.553163981969741,0.175313791151377,0.175313791151377,-0.127200237789237,-0.0022010106290433,-0.0902497700065452,-0.0902497700065452,0.124245145864787,0.0953977459224786,-0.0951424699885132,-0.0951424699885132,,,0.230319103751404,0.103014698141602,0.147060358974954,0.0311973012667061,-0.0623504625655674,-0.0572442390848237,,,,,0.0,0.0,0.0,0.0,3,1,1,3,2,1,0,2,0.173539515427056,-0.0229883927777678,0.0191643077746005,0,0.171627472925472,0.171627472925472,,,,,,,,,,0.0,0.0,Lrfn5*Ptprs*Ntrk2*Dlg4*Excitatory.neurons*Excitatory.neurons
41,42,Lrfn5,Ptprs,Ntrk2,Srpk2,Excitatory.neurons,Excitatory.neurons,0.0591015220707671,-0.0045516056427122,0.179178200288887,-0.0074009114611404,Lrfn5*Ptprs*Ntrk2*Srpk2,0.702604834461507,0.69938375842548,0.0066292102854494,0.0066292102854494,-0.127200237789237,-0.0022010106290433,-0.0902497700065452,-0.0902497700065452,0.124245145864787,0.0953977459224786,,,,,0.230319103751404,0.103014698141602,0.147060358974954,0.0311973012667061,,,,,,,0.0,0.0,,,2,2,1,2,2,0,0,1,0.0066291131771167,0.0007257137906477,0.0334597560240015,0,0.0237218480844414,0.0237218480844414,,,,,,,,,,0.0,0.0,Lrfn5*Ptprs*Ntrk2*Srpk2*Excitatory.neurons*Excitatory.neurons
42,43,Lrfn5,Ptprs,Ntrk2,Frmd6,Excitatory.neurons,Excitatory.neurons,0.0591015220707671,-0.0045516056427122,0.179178200288887,0.135429547882482,Lrfn5*Ptprs*Ntrk2*Frmd6,0.397493627643479,0.313182021081682,0.343930338391481,0.23739385785861,-0.127200237789237,-0.0022010106290433,-0.0902497700065452,-0.0902497700065452,0.124245145864787,0.0953977459224786,,,,,0.230319103751404,0.103014698141602,0.147060358974954,0.0311973012667061,0.261973021560564,0.154169359407128,,,,,0.0,0.0,,,3,1,1,2,3,0,0,1,0.233032633349322,0.0007257137906477,0.071699610790057,0,0.269245295639674,0.269245295639674,,,,,,,,,,0.0,0.0,Lrfn5*Ptprs*Ntrk2*Frmd6*Excitatory.neurons*Excitatory.neurons
43,44,Lrfn5,Ptprs,Ntrk2,Tacc1,Excitatory.neurons,Excitatory.neurons,0.0591015220707671,-0.0045516056427122,0.179178200288887,0.0830666657002545,Lrfn5*Ptprs*Ntrk2*Tacc1,0.669180511116773,0.652518362503489,0.036376928549021,0.036376928549021,-0.127200237789237,-0.0022010106290433,-0.0902497700065452,-0.0902497700065452,0.124245145864787,0.0953977459224786,,,,,0.230319103751404,0.103014698141602,0.147060358974954,0.0311973012667061,,,,,,,0.0,0.0,,,3,1,1,2,2,0,0,1,0.036360891405671,0.0007257137906477,0.0334597560240015,0,0.0534536263129956,0.0534536263129956,,,,,,,,,,0.0,0.0,Lrfn5*Ptprs*Ntrk2*Tacc1*Excitatory.neurons*Excitatory.neurons
44,45,Lrfn5,Ptprs,Ntrk2,Ipcef1,Excitatory.neurons,Excitatory.neurons,0.0591015220707671,-0.0045516056427122,0.179178200288887,0.03825965512059,Lrfn5*Ptprs*Ntrk2*Ipcef1,0.291187849485153,0.248083845641378,0.231122361867616,0.101906733331505,-0.127200237789237,-0.0022010106290433,-0.0902497700065452,-0.0902497700065452,0.124245145864787,0.0953977459224786,-0.100374902828065,-0.0657586486343457,,,0.230319103751404,0.103014698141602,0.147060358974954,0.0311973012667061,,,,,,,0.0,0.0,,,3,1,1,3,2,0,0,1,0.101555426046769,-0.0156902931547201,0.0334597560240015,0,0.11044015748141,0.11044015748141,,,,,,,,,,0.0,0.0,Lrfn5*Ptprs*Ntrk2*Ipcef1*Excitatory.neurons*Excitatory.neurons
45,46,Lrfn5,Ptprs,Ntrk2,Dmtn,Excitatory.neurons,Excitatory.neurons,0.0591015220707671,-0.0045516056427122,0.179178200288887,0.0968769512257763,Lrfn5*Ptprs*Ntrk2*Dmtn,0.628318933965108,0.597916238033917,0.0715536636568942,0.0715536636568942,-0.127200237789237,-0.0022010106290433,-0.0902497700065452,-0.0902497700065452,0.124245145864787,0.0953977459224786,-0.0997309810882284,-0.0997309810882284,,,0.230319103751404,0.103014698141602,0.147060358974954,0.0311973012667061,0.0075772376573898,0.0075772376573898,,,,,0.0,0.0,,,3,1,1,3,3,0,0,1,0.0714317967243998,-0.0241246964427541,0.0353540291855529,0,0.0770464630957992,0.0770464630957992,,,,,,,,,,0.0,0.0,Lrfn5*Ptprs*Ntrk2*Dmtn*Excitatory.neurons*Excitatory.neurons
46,47,Lrfn5,Ptprs,Ntrk2,Kcnj9,Excitatory.neurons,Excitatory.neurons,0.0591015220707671,-0.0045516056427122,0.179178200288887,-0.0630631160524204,Lrfn5*Ptprs*Ntrk2*Kcnj9,0.532597017103074,0.545792993797682,-0.0353095267099216,-0.0351957938169796,-0.127200237789237,-0.0022010106290433,-0.0902497700065452,-0.0902497700065452,0.124245145864787,0.0953977459224786,-0.0765684776913771,-0.001349070501331,,,0.230319103751404,0.103014698141602,0.147060358974954,0.0311973012667061,,,,,,,0.0,0.0,,,2,2,1,3,2,0,0,1,-0.0351812681560396,0.0003884463699228,0.0334597560240015,0,-0.0182571669590774,-0.0182571669590774,,,,,,,,,,0.0,0.0,Lrfn5*Ptprs*Ntrk2*Kcnj9*Excitatory.neurons*Excitatory.neurons
47,48,Lrfn5,Ptprs,Ntrk2,Camkv,Excitatory.neurons,Excitatory.neurons,0.0591015220707671,-0.0045516056427122,0.179178200288887,-0.115224573448841,Lrfn5*Ptprs*Ntrk2*Camkv,0.665471404582341,0.675726907664582,-0.0220636302263316,-0.0220636302263316,-0.127200237789237,-0.0022010106290433,-0.0902497700065452,-0.0902497700065452,0.124245145864787,0.0953977459224786,-0.111897543688711,-0.111897543688711,,,0.230319103751404,0.103014698141602,0.147060358974954,0.0311973012667061,0.0647143651166602,0.0647143651166602,,,,,0.0,0.0,,,2,2,1,3,3,0,0,1,-0.0220600507038174,-0.0271324976238866,0.0496158000344659,0,-0.0108183994985278,-0.0108183994985278,,,,,,,,,,0.0,0.0,Lrfn5*Ptprs*Ntrk2*Camkv*Excitatory.neurons*Excitatory.neurons
48,49,Lrfn5,Ptprs,Ntrk2,Atcay,Excitatory.neurons,Excitatory.neurons,0.0591015220707671,-0.0045516056427122,0.179178200288887,0.0086425319310216,Lrfn5*Ptprs*Ntrk2*Atcay,0.575276690713238,0.562396210977054,0.0326691411253337,0.0326691411253337,-0.127200237789237,-0.0022010106290433,-0.0902497700065452,-0.0902497700065452,0.124245145864787,0.0953977459224786,-0.0366669671358398,-0.0326942662758657,,,0.230319103751404,0.103014698141602,0.147060358974954,0.0311973012667061,,,,,,,0.0,0.0,,,3,1,1,3,2,0,0,1,0.0326575237898117,-0.007444941740208,0.0334597560240015,0,0.0456649309317084,0.0456649309317084,,,,,,,,,,0.0,0.0,Lrfn5*Ptprs*Ntrk2*Atcay*Excitatory.neurons*Excitatory.neurons
49,50,Lrfn5,Ptprs,Ntrk2,Slc50a1,Excitatory.neurons,Excitatory.neurons,0.0591015220707671,-0.0045516056427122,0.179178200288887,-0.176074218708515,Lrfn5*Ptprs*Ntrk2*Slc50a1,0.566126680665163,0.613103182407862,-0.115004975977175,-0.115004975977175,-0.127200237789237,-0.0022010106290433,-0.0902497700065452,-0.0902497700065452,0.124245145864787,0.0953977459224786,,,,,0.230319103751404,0.103014698141602,0.147060358974954,0.0311973012667061,,,,,,,0.0,0.0,,,2,2,1,2,2,0,0,1,-0.114500619940073,0.0007257137906477,0.0334597560240015,0,-0.0974078850327479,-0.0974078850327479,,,,,,,,,,0.0,0.0,Lrfn5*Ptprs*Ntrk2*Slc50a1*Excitatory.neurons*Excitatory.neurons
50,51,Lrfn5,Ptprs,Ntrk2,Klc2,Excitatory.neurons,Excitatory.neurons,0.0591015220707671,-0.0045516056427122,0.179178200288887,0.0165695323619768,Lrfn5*Ptprs*Ntrk2*Klc2,0.522861801168053,0.506550407261452,0.0457238347599198,0.0436154676105712,-0.127200237789237,-0.0022010106290433,-0.0902497700065452,-0.0902497700065452,0.124245145864787,0.0953977459224786,,,,,0.230319103751404,0.103014698141602,0.147060358974954,0.0311973012667061,,,,,,,0.0,0.0,,,3,1,1,2,2,0,0,1,0.0435878319399401,0.0007257137906477,0.0334597560240015,0,0.0606805668472647,0.0606805668472647,,,,,,,,,,0.0,0.0,Lrfn5*Ptprs*Ntrk2*Klc2*Excitatory.neurons*Excitatory.neurons
51,52,Syt1,Stx1a,Dlg4,Grin2a,Excitatory.neurons,Excitatory.neurons,-0.103579283011961,0.0467937794671115,0.236225585299372,0.0288111813968336,Syt1*Stx1a*Dlg4*Grin2a,0.537204395543508,0.467499006721979,0.200507809550577,0.196682151476098,-0.126499329704612,-0.126499329704612,-0.409960141360824,-0.409960141360824,-0.0951424699885132,-0.0951424699885132,-0.126087447034081,-0.126087447034081,-0.209930019755952,-0.209930019755952,-0.383120100148587,-0.383120100148587,-0.0623504625655674,-0.0572442390848237,0.0146018461827197,0.0146018461827197,0.0,0.0,,,0.0,0.0,0.0,0.0,3,1,0,4,1,3,0,3,0.19418464744173,-0.18363690505007,-0.153723631625486,0,0.0255043791039524,0.0255043791039524,,,,,,,,,,0.0,0.0,Syt1*Stx1a*Dlg4*Grin2a*Excitatory.neurons*Excitatory.neurons
52,53,Syt1,Stx1a,Dlg4,Grin2b,Excitatory.neurons,Excitatory.neurons,-0.103579283011961,0.0467937794671115,0.236225585299372,0.0978667817506634,Syt1*Stx1a*Dlg4*Grin2b,0.544895375262335,0.473143755540605,0.203700661220233,0.202709257071084,-0.126499329704612,-0.126499329704612,-0.409960141360824,-0.409960141360824,-0.0951424699885132,-0.0951424699885132,-0.0439680761525628,-0.0439680761525628,-0.209930019755952,-0.209930019755952,-0.383120100148587,-0.383120100148587,-0.0623504625655674,-0.0572442390848237,0.0374105778547751,0.0374105778547751,0.0,0.0,,,0.0,0.0,0.0,0.0,3,1,0,4,1,3,0,3,0.199977634792117,-0.163265974408554,-0.148025550014009,0,0.0443318725808352,0.0443318725808352,,,,,,,,,,0.0,0.0,Syt1*Stx1a*Dlg4*Grin2b*Excitatory.neurons*Excitatory.neurons
53,54,Syt1,Stx1a,Snap25,Gria2,Excitatory.neurons,Excitatory.neurons,-0.103579283011961,0.0467937794671115,-0.053864320192355,0.0172175847961439,Syt1*Stx1a*Snap25*Gria2,0.688487054997508,0.671665911801067,0.0356857174009851,0.0356857174009851,-0.126499329704612,-0.126499329704612,-0.409960141360824,-0.409960141360824,-0.0568695097714712,-0.0568695097714712,-0.065882797425021,-0.065882797425021,-0.209930019755952,-0.209930019755952,-0.383120100148587,-0.383120100148587,0.0746593121041717,0.0716150817330258,0.127462969294651,0.0504432156004126,0.0,0.0,,,,,0.0,0.0,2,2,0,4,2,2,0,2,0.0356705768780896,-0.159215906864632,-0.112605041577854,0,-0.100239897343154,-0.100239897343154,,,,,,,,,,0.0,0.0,Syt1*Stx1a*Snap25*Gria2*Excitatory.neurons*Excitatory.neurons
54,55,Syt1,Stx1a,Dlg2,Grin2a,Excitatory.neurons,Excitatory.neurons,-0.103579283011961,0.0467937794671115,-0.0279253490566827,0.0288111813968336,Syt1*Stx1a*Dlg2*Grin2a,0.645717930353651,0.630436433816006,0.0345531759303647,0.0345531759303647,-0.126499329704612,-0.126499329704612,-0.409960141360824,-0.409960141360824,,,-0.126087447034081,-0.126087447034081,-0.209930019755952,-0.209930019755952,-0.383120100148587,-0.383120100148587,,,0.0146018461827197,0.0146018461827197,0.0,0.0,,,,,0.0,0.0,2,2,0,3,1,2,0,2,0.0345394312291114,-0.159922798481655,-0.139428183376085,0,-0.115136059699758,-0.115136059699758,,,,,,,,,,0.0,0.0,Syt1*Stx1a*Dlg2*Grin2a*Excitatory.neurons*Excitatory.neurons
55,56,Syt1,Stx1a,Dlg2,Grin2b,Excitatory.neurons,Excitatory.neurons,-0.103579283011961,0.0467937794671115,-0.0279253490566827,0.0978667817506634,Syt1*Stx1a*Dlg2*Grin2b,0.65496246287727,0.638048546919635,0.0377460276000205,0.0377460276000205,-0.126499329704612,-0.126499329704612,-0.409960141360824,-0.409960141360824,,,-0.0439680761525628,-0.0439680761525628,-0.209930019755952,-0.209930019755952,-0.383120100148587,-0.383120100148587,,,0.0374105778547751,0.0374105778547751,0.0,0.0,,,,,0.0,0.0,2,2,0,3,1,2,0,2,0.0377281114343286,-0.139551867840139,-0.133730101764608,0,-0.0989128733680448,-0.0989128733680448,,,,,,,,,,0.0,0.0,Syt1*Stx1a*Dlg2*Grin2b*Excitatory.neurons*Excitatory.neurons
56,57,Syt1,Stx1a,Thy1,Pde4a,Excitatory.neurons,Excitatory.neurons,-0.103579283011961,0.0467937794671115,0.676626447019538,0.0652892418123515,Syt1*Stx1a*Thy1*Pde4a,0.509439476569997,0.445369905869616,0.193906681738378,0.179940588102098,-0.126499329704612,-0.126499329704612,-0.409960141360824,-0.409960141360824,-0.181166431980669,-0.181166431980669,-0.182566266882469,-0.182566266882469,-0.209930019755952,-0.209930019755952,-0.383120100148587,-0.383120100148587,-0.239613994591682,-0.166095021441483,-0.0750650968833216,-0.0568187620849277,0.0,0.0,,,0.0,0.0,,,3,1,0,4,0,4,0,2,0.178023339728212,-0.218510597851067,-0.198413885929505,0,-0.0304389021620736,-0.0304389021620736,,,,,,,,,,0.0,0.0,Syt1*Stx1a*Thy1*Pde4a*Excitatory.neurons*Excitatory.neurons
57,59,Cck,Cckbr,Hdac7,Mef2c,Excitatory.neurons,Excitatory.neurons,-0.143339879651815,-0.0996848252355353,0.054320191978743,-0.0349605235093597,Cck*Cckbr*Hdac7*Mef2c,0.187457915319075,0.207019915795522,-0.143202820999553,-0.0358200856588081,-0.143472053800862,-0.0088765496631362,,,,,,,0.592351228553484,0.439891909033806,,,,,,,,,,,,,,,1,3,0,1,1,0,0,0,-0.0358047735230663,-0.0022190791333571,0.103388710441467,0,0.0147800421309888,0.0147800421309888,,,,,,,,,,0.0,0.0,Cck*Cckbr*Hdac7*Mef2c*Excitatory.neurons*Excitatory.neurons
58,62,Fgf12,Scn1a,Dlg4,Grin2a,Excitatory.neurons,Excitatory.neurons,0.0018914108628226,0.121233104269458,0.236225585299372,0.0288111813968336,Fgf12*Scn1a*Dlg4*Grin2a,0.421937516223452,0.367064317968026,0.200996491280629,0.149770528234535,-0.027755032044701,-0.027755032044701,6.84407094520213e-05,6.84407094520213e-05,-0.0951424699885132,-0.0951424699885132,-0.126087447034081,-0.126087447034081,-0.206749984659272,-0.206749984659272,0.484672800889052,0.382563061595901,-0.0623504625655674,-0.0572442390848237,0.0146018461827197,0.0146018461827197,,,,,0.0,0.0,0.0,0.0,4,0,1,3,2,2,0,2,0.148660640839432,-0.0619898451385842,0.0296241670505763,0,0.132477801795428,0.132477801795428,,,,,,,,,,0.0,0.0,Fgf12*Scn1a*Dlg4*Grin2a*Excitatory.neurons*Excitatory.neurons
59,63,Fgf12,Scn1a,Dlg4,Grin2b,Excitatory.neurons,Excitatory.neurons,0.0018914108628226,0.121233104269458,0.236225585299372,0.0978667817506634,Fgf12*Scn1a*Dlg4*Grin2b,0.427978257711808,0.371496382732694,0.204189342950285,0.154873384396874,-0.027755032044701,-0.027755032044701,6.84407094520213e-05,6.84407094520213e-05,-0.0951424699885132,-0.0951424699885132,-0.0439680761525628,-0.0439680761525628,-0.206749984659272,-0.206749984659272,0.484672800889052,0.382563061595901,-0.0623504625655674,-0.0572442390848237,0.0374105778547751,0.0374105778547751,,,,,0.0,0.0,0.0,0.0,4,0,1,3,2,2,0,2,0.153646898127925,-0.0416189144970683,0.035322248662053,0,0.150498565210417,0.150498565210417,,,,,,,,,,0.0,0.0,Fgf12*Scn1a*Dlg4*Grin2b*Excitatory.neurons*Excitatory.neurons
60,64,Fgf12,Scn1a,Dlg2,Grin2a,Excitatory.neurons,Excitatory.neurons,0.0018914108628226,0.121233104269458,-0.0279253490566827,0.0288111813968336,Fgf12*Scn1a*Dlg2*Grin2a,0.507167517567904,0.494997243359891,0.0350418576604162,0.0323622114042199,-0.027755032044701,-0.027755032044701,6.84407094520213e-05,6.84407094520213e-05,,,-0.126087447034081,-0.126087447034081,-0.206749984659272,-0.206749984659272,0.484672800889052,0.382563061595901,,,0.0146018461827197,0.0146018461827197,,,,,,,0.0,0.0,3,1,1,2,2,1,0,1,0.032350918349848,-0.0382757385701686,0.0439196152999773,0,0.0351728567147524,0.0351728567147524,,,,,,,,,,0.0,0.0,Fgf12*Scn1a*Dlg2*Grin2a*Excitatory.neurons*Excitatory.neurons
61,65,Fgf12,Scn1a,Dlg2,Grin2b,Excitatory.neurons,Excitatory.neurons,0.0018914108628226,0.121233104269458,-0.0279253490566827,0.0978667817506634,Fgf12*Scn1a*Dlg2*Grin2b,0.514428469123813,0.500974015640694,0.0382347093300725,0.0358517917955905,-0.027755032044701,-0.027755032044701,6.84407094520213e-05,6.84407094520213e-05,,,-0.0439680761525628,-0.0439680761525628,-0.206749984659272,-0.206749984659272,0.484672800889052,0.382563061595901,,,0.0374105778547751,0.0374105778547751,,,,,,,0.0,0.0,3,1,1,2,2,1,0,1,0.0358364389772001,-0.0179048079286528,0.049617696911454,0,0.0516928834686007,0.0516928834686007,,,,,,,,,,0.0,0.0,Fgf12*Scn1a*Dlg2*Grin2b*Excitatory.neurons*Excitatory.neurons
62,66,Stx1a,Cacna1b,Snap25,Gria2,Excitatory.neurons,Excitatory.neurons,0.0633915162225852,0.120371336579976,-0.053864320192355,0.0172175847961439,Stx1a*Cacna1b*Snap25*Gria2,0.513251196715856,0.465300237621517,0.141503162322964,0.132361306522864,-0.409960141360824,-0.409960141360824,-0.0511649582449302,-0.0221796243594624,-0.0568695097714712,-0.0568695097714712,-0.065882797425021,-0.065882797425021,-0.383120100148587,-0.383120100148587,0.0753525969705706,0.0753525969705706,0.0746593121041717,0.0716150817330258,0.127462969294651,0.0504432156004126,,,,,,,0.0,0.0,3,1,0,4,3,1,0,1,0.131593716544081,-0.13330268637206,-0.0420775869345104,0,0.0439035798907954,0.0439035798907954,,,,,,,,,,0.0,0.0,Stx1a*Cacna1b*Snap25*Gria2*Excitatory.neurons*Excitatory.neurons
63,67,Stx1a,Cacna1b,Dmd,Hivep2,Excitatory.neurons,Excitatory.neurons,0.0633915162225852,0.120371336579976,0.146286726415452,0.208406048774068,Stx1a*Cacna1b*Dmd*Hivep2,0.370404199985989,0.300842381744512,0.300092633554476,0.188426204918344,-0.409960141360824,-0.409960141360824,-0.0511649582449302,-0.0221796243594624,0.0876717967982194,0.0876717967982194,0.0451630097926163,0.000148949198715,-0.383120100148587,-0.383120100148587,0.0753525969705706,0.0753525969705706,0.40584702294658,0.0770206047096832,0.389817487428201,0.215069957047777,,,,,,,,,4,0,2,2,3,1,0,0,0.1862274374167,-0.0807545037437926,-0.0003802254502747,0,0.145660072819666,0.145660072819666,,,,,,,,,,0.0,0.0,Stx1a*Cacna1b*Dmd*Hivep2*Excitatory.neurons*Excitatory.neurons
64,68,Stx1a,Cacna1b,Dmd,Ptprn,Excitatory.neurons,Excitatory.neurons,0.0633915162225852,0.120371336579976,0.146286726415452,-0.0073829784383382,Stx1a*Cacna1b*Dmd*Ptprn,0.394107464456505,0.339789309773674,0.213948610482565,0.146025158076389,-0.409960141360824,-0.409960141360824,-0.0511649582449302,-0.0221796243594624,0.0876717967982194,0.0876717967982194,,,-0.383120100148587,-0.383120100148587,0.0753525969705706,0.0753525969705706,0.40584702294658,0.0770206047096832,,,,,,,,,,,3,1,1,2,2,1,0,0,0.144996020024326,-0.0807917410431959,-0.0533337645157241,0,0.0779332672448663,0.0779332672448663,,,,,,,,,,0.0,0.0,Stx1a*Cacna1b*Dmd*Ptprn*Excitatory.neurons*Excitatory.neurons
65,69,Stx1a,Cacna1b,Dmd,Hdac7,Excitatory.neurons,Excitatory.neurons,0.0633915162225852,0.120371336579976,0.146286726415452,0.054320191978743,Stx1a*Cacna1b*Dmd*Hdac7,0.242223961335663,0.18730758920812,0.370932231757038,0.121418414622991,-0.409960141360824,-0.409960141360824,-0.0511649582449302,-0.0221796243594624,0.0876717967982194,0.0876717967982194,,,-0.383120100148587,-0.383120100148587,0.0753525969705706,0.0753525969705706,0.40584702294658,0.0770206047096832,,,,,,,,,,,4,0,1,2,2,1,0,0,0.120825244734338,-0.0807917410431959,-0.0533337645157241,0,0.0537624919548778,0.0537624919548778,,,,,,,,,,0.0,0.0,Stx1a*Cacna1b*Dmd*Hdac7*Excitatory.neurons*Excitatory.neurons
66,70,Stx1a,Cacna1b,Dmd,Actl6b,Excitatory.neurons,Excitatory.neurons,0.0633915162225852,0.120371336579976,0.146286726415452,-0.0191785508102811,Stx1a*Cacna1b*Dmd*Actl6b,0.282223212612609,0.243365194893618,0.213713798830038,0.0897172838246882,-0.409960141360824,-0.409960141360824,-0.0511649582449302,-0.0221796243594624,0.0876717967982194,0.0876717967982194,-0.0914493203288552,-0.0289443296763781,-0.383120100148587,-0.383120100148587,0.0753525969705706,0.0753525969705706,0.40584702294658,0.0770206047096832,,,,,,,,,,,3,1,1,3,2,1,0,0,0.0894773391542749,-0.0880258034047927,-0.0533337645157241,0,0.0187975551940165,0.0187975551940165,,,,,,,,,,0.0,0.0,Stx1a*Cacna1b*Dmd*Actl6b*Excitatory.neurons*Excitatory.neurons
67,71,Stx1a,Cacna1b,Dmd,Nrcam,Excitatory.neurons,Excitatory.neurons,0.0633915162225852,0.120371336579976,0.146286726415452,0.0633882343166924,Stx1a*Cacna1b*Dmd*Nrcam,0.41861752501272,0.359484666200429,0.219702475977169,0.162089577238688,-0.409960141360824,-0.409960141360824,-0.0511649582449302,-0.0221796243594624,0.0876717967982194,0.0876717967982194,-0.019823336307812,-0.019823336307812,-0.383120100148587,-0.383120100148587,0.0753525969705706,0.0753525969705706,0.40584702294658,0.0770206047096832,0.0078850372349621,0.0078850372349621,,,,,,,,,4,0,1,3,3,1,0,0,0.160684810223617,-0.0857469260662826,-0.0513625460595363,0,0.0921300741607079,0.0921300741607079,,,,,,,,,,0.0,0.0,Stx1a*Cacna1b*Dmd*Nrcam*Excitatory.neurons*Excitatory.neurons
68,72,Stx1a,Cacna1b,Dmd,Nin,Excitatory.neurons,Excitatory.neurons,0.0633915162225852,0.120371336579976,0.146286726415452,0.143815953016777,Stx1a*Cacna1b*Dmd*Nin,0.362115337322873,0.296294977579973,0.289415111415282,0.176126812911603,-0.409960141360824,-0.409960141360824,-0.0511649582449302,-0.0221796243594624,0.0876717967982194,0.0876717967982194,,,-0.383120100148587,-0.383120100148587,0.0753525969705706,0.0753525969705706,0.40584702294658,0.0770206047096832,,,,,,,,,,,4,0,1,2,2,1,0,0,0.174327940839931,-0.0807917410431959,-0.0533337645157241,0,0.107265188060471,0.107265188060471,,,,,,,,,,0.0,0.0,Stx1a*Cacna1b*Dmd*Nin*Excitatory.neurons*Excitatory.neurons
69,73,Stx1a,Cacna1b,Dmd,Chga,Excitatory.neurons,Excitatory.neurons,0.0633915162225852,0.120371336579976,0.146286726415452,-0.172066235371125,Stx1a*Cacna1b*Dmd*Chga,0.310187380160515,0.290688937277934,0.093663824137022,0.0455114298531802,-0.409960141360824,-0.409960141360824,-0.0511649582449302,-0.0221796243594624,0.0876717967982194,0.0876717967982194,-0.0461318023905304,-0.0461318023905304,-0.383120100148587,-0.383120100148587,0.0753525969705706,0.0753525969705706,0.40584702294658,0.0770206047096832,-0.0841594825585452,-0.0841594825585452,,,,,,,,,3,1,1,3,2,2,0,0,0.0454800334051215,-0.0923165173424237,-0.0743241016237348,0,-0.0378402760779578,-0.0378402760779578,,,,,,,,,,0.0,0.0,Stx1a*Cacna1b*Dmd*Chga*Excitatory.neurons*Excitatory.neurons
70,74,Stx1a,Cacna1b,Dmd,Ndfip2,Excitatory.neurons,Excitatory.neurons,0.0633915162225852,0.120371336579976,0.146286726415452,-0.0589655861628116,Stx1a*Cacna1b*Dmd*Ndfip2,0.366157356357219,0.321368848901793,0.188233689184952,0.116328683795522,-0.409960141360824,-0.409960141360824,-0.0511649582449302,-0.0221796243594624,0.0876717967982194,0.0876717967982194,,,-0.383120100148587,-0.383120100148587,0.0753525969705706,0.0753525969705706,0.40584702294658,0.0770206047096832,,,,,,,,,,,3,1,1,2,2,1,0,0,0.115806774699365,-0.0807917410431959,-0.0533337645157241,0,0.0487440219199054,0.0487440219199054,,,,,,,,,,0.0,0.0,Stx1a*Cacna1b*Dmd*Ndfip2*Excitatory.neurons*Excitatory.neurons
71,75,Stx1a,Cacna1b,Dmd,Cckbr,Excitatory.neurons,Excitatory.neurons,0.0633915162225852,0.120371336579976,0.146286726415452,-0.0996848252355353,Stx1a*Cacna1b*Dmd*Cckbr,0.225227602467305,0.217761324878495,0.0486358963515485,0.0140763233318981,-0.409960141360824,-0.409960141360824,-0.0511649582449302,-0.0221796243594624,0.0876717967982194,0.0876717967982194,,,-0.383120100148587,-0.383120100148587,0.0753525969705706,0.0753525969705706,0.40584702294658,0.0770206047096832,,,,,,,,,,,3,1,1,2,2,1,0,0,0.0140753936978366,-0.0807917410431959,-0.0533337645157241,0,-0.0529873590816234,-0.0529873590816234,,,,,,,,,,0.0,0.0,Stx1a*Cacna1b*Dmd*Cckbr*Excitatory.neurons*Excitatory.neurons
72,76,Stx1a,Cacna1b,Dmd,Madd,Excitatory.neurons,Excitatory.neurons,0.0633915162225852,0.120371336579976,0.146286726415452,0.0601533581753329,Stx1a*Cacna1b*Dmd*Madd,0.36000886721909,0.302927434574302,0.249060199881625,0.15034079326372,-0.409960141360824,-0.409960141360824,-0.0511649582449302,-0.0221796243594624,0.0876717967982194,0.0876717967982194,,,-0.383120100148587,-0.383120100148587,0.0753525969705706,0.0753525969705706,0.40584702294658,0.0770206047096832,,,,,,,,,,,4,0,1,2,2,1,0,0,0.149218255686597,-0.0807917410431959,-0.0533337645157241,0,0.0821555029071366,0.0821555029071366,,,,,,,,,,0.0,0.0,Stx1a*Cacna1b*Dmd*Madd*Excitatory.neurons*Excitatory.neurons
73,77,Stx1a,Cacna1b,Dmd,Khdrbs2,Excitatory.neurons,Excitatory.neurons,0.0633915162225852,0.120371336579976,0.146286726415452,-0.0417231894936687,Stx1a*Cacna1b*Dmd*Khdrbs2,0.339862504734624,0.297491403810642,0.19210322410655,0.106852944467847,-0.409960141360824,-0.409960141360824,-0.0511649582449302,-0.0221796243594624,0.0876717967982194,0.0876717967982194,0.0831803367857358,0.0011229977976871,-0.383120100148587,-0.383120100148587,0.0753525969705706,0.0753525969705706,0.40584702294658,0.0770206047096832,,,,,,,,,,,3,1,2,2,2,1,0,0,0.106448126837148,-0.080510991711794,-0.0533337645157241,0,0.0395257487233889,0.0395257487233889,,,,,,,,,,0.0,0.0,Stx1a*Cacna1b*Dmd*Khdrbs2*Excitatory.neurons*Excitatory.neurons
74,78,Stx1a,Cacna1b,Dmd,Necab3,Excitatory.neurons,Excitatory.neurons,0.0633915162225852,0.120371336579976,0.146286726415452,0.0092677700056563,Stx1a*Cacna1b*Dmd*Necab3,0.230125603588596,0.191392248497323,0.265889104596796,0.0798298050184803,-0.409960141360824,-0.409960141360824,-0.0511649582449302,-0.0221796243594624,0.0876717967982194,0.0876717967982194,-0.0319854419790491,-0.00244095630487,-0.383120100148587,-0.383120100148587,0.0753525969705706,0.0753525969705706,0.40584702294658,0.0770206047096832,,,,,,,,,,,4,0,1,3,2,1,0,0,0.0796606564507969,-0.0814019789074271,-0.0533337645157241,0,0.0122927847392213,0.0122927847392213,,,,,,,,,,0.0,0.0,Stx1a*Cacna1b*Dmd*Necab3*Excitatory.neurons*Excitatory.neurons
75,79,Stx1a,Cacna1b,Dmd,Psma1,Excitatory.neurons,Excitatory.neurons,0.0633915162225852,0.120371336579976,0.146286726415452,-0.0719565470927465,Stx1a*Cacna1b*Dmd*Psma1,0.300487616521403,0.272076156293313,0.143295006966523,0.0663329525326681,-0.409960141360824,-0.409960141360824,-0.0511649582449302,-0.0221796243594624,0.0876717967982194,0.0876717967982194,0.0476190899251048,0.0476190899251048,-0.383120100148587,-0.383120100148587,0.0753525969705706,0.0753525969705706,0.40584702294658,0.0770206047096832,0.0975192108406754,0.0256047659879924,,,,,,,,,3,1,2,2,3,1,0,0,0.0662358337903044,-0.0688959587399379,-0.0469339715343164,0,0.0083208686531772,0.0083208686531772,,,,,,,,,,0.0,0.0,Stx1a*Cacna1b*Dmd*Psma1*Excitatory.neurons*Excitatory.neurons
76,80,Stx1a,Cacna1b,Dmd,Unc13a,Excitatory.neurons,Excitatory.neurons,0.0633915162225852,0.120371336579976,0.146286726415452,0.131006326855214,Stx1a*Cacna1b*Dmd*Unc13a,0.377049304419236,0.314358413909148,0.262342810336203,0.168768528170074,-0.409960141360824,-0.409960141360824,-0.0511649582449302,-0.0221796243594624,0.0876717967982194,0.0876717967982194,,,-0.383120100148587,-0.383120100148587,0.0753525969705706,0.0753525969705706,0.40584702294658,0.0770206047096832,,,,,,,,,,,4,0,1,2,2,1,0,0,0.167184241387486,-0.0807917410431959,-0.0533337645157241,0,0.100121488608026,0.100121488608026,,,,,,,,,,0.0,0.0,Stx1a*Cacna1b*Dmd*Unc13a*Excitatory.neurons*Excitatory.neurons
77,81,Stx1a,Cacna1b,Dmd,Syne1,Excitatory.neurons,Excitatory.neurons,0.0633915162225852,0.120371336579976,0.146286726415452,0.154742619657344,Stx1a*Cacna1b*Dmd*Syne1,0.415551697676427,0.35446429950177,0.229387638794981,0.167667836038982,-0.409960141360824,-0.409960141360824,-0.0511649582449302,-0.0221796243594624,0.0876717967982194,0.0876717967982194,0.0244198197875142,0.0244198197875142,-0.383120100148587,-0.383120100148587,0.0753525969705706,0.0753525969705706,0.40584702294658,0.0770206047096832,0.0872310329893492,0.0505927013921054,,,,,,,,,4,0,2,2,3,1,0,0,0.16611411773922,-0.0746879993246329,-0.0406963696438318,0,0.108421933254987,0.108421933254987,,,,,,,,,,0.0,0.0,Stx1a*Cacna1b*Dmd*Syne1*Excitatory.neurons*Excitatory.neurons
78,82,Stx1a,Cacna1b,Dmd,Reep2,Excitatory.neurons,Excitatory.neurons,0.0633915162225852,0.120371336579976,0.146286726415452,-0.0849139932260483,Stx1a*Cacna1b*Dmd*Reep2,0.310960693868554,0.281057241046985,0.145868247567719,0.0711452110743598,-0.409960141360824,-0.409960141360824,-0.0511649582449302,-0.0221796243594624,0.0876717967982194,0.0876717967982194,-0.0365101156268859,-0.0130369346334088,-0.383120100148587,-0.383120100148587,0.0753525969705706,0.0753525969705706,0.40584702294658,0.0770206047096832,0.0471168236553059,0.0471168236553059,,,,,,,,,3,1,1,3,3,1,0,0,0.0710254164376585,-0.0840507900658412,-0.0415632674615536,0,0.008218387673961,0.008218387673961,,,,,,,,,,0.0,0.0,Stx1a*Cacna1b*Dmd*Reep2*Excitatory.neurons*Excitatory.neurons
79,83,Stx1a,Cacna1b,Dmd,Snap25,Excitatory.neurons,Excitatory.neurons,0.0633915162225852,0.120371336579976,0.146286726415452,-0.053864320192355,Stx1a*Cacna1b*Dmd*Snap25,0.428085024563193,0.368654617475285,0.215627540362117,0.163599671126097,-0.409960141360824,-0.409960141360824,-0.0511649582449302,-0.0221796243594624,0.0876717967982194,0.0876717967982194,-0.0568695097714712,-0.0568695097714712,-0.383120100148587,-0.383120100148587,0.0753525969705706,0.0753525969705706,0.40584702294658,0.0770206047096832,0.0746593121041717,0.0716150817330258,,,,,,,,,3,1,1,3,3,1,0,0,0.162155556085266,-0.0949938112862453,-0.0354605392290876,0,0.0969283808275992,0.0969283808275992,,,,,,,,,,0.0,0.0,Stx1a*Cacna1b*Dmd*Snap25*Excitatory.neurons*Excitatory.neurons
80,84,Stx1a,Cacna1b,Dmd,Syt4,Excitatory.neurons,Excitatory.neurons,0.0633915162225852,0.120371336579976,0.146286726415452,-0.118852635272254,Stx1a*Cacna1b*Dmd*Syt4,0.352746748911087,0.315458254965198,0.161183682317399,0.0945496399949994,-0.409960141360824,-0.409960141360824,-0.0511649582449302,-0.0221796243594624,0.0876717967982194,0.0876717967982194,1.65724328943984,0.0001003228021177,-0.383120100148587,-0.383120100148587,0.0753525969705706,0.0753525969705706,0.40584702294658,0.0770206047096832,,,,,,,,,,,3,1,2,2,2,1,0,0,0.0942688974411341,-0.0807666603427506,-0.0533337645157241,0,0.0272186850118967,0.0272186850118967,,,,,,,,,,0.0,0.0,Stx1a*Cacna1b*Dmd*Syt4*Excitatory.neurons*Excitatory.neurons
81,85,Stx1a,Cacna1b,Dmd,AI314180,Excitatory.neurons,Excitatory.neurons,0.0633915162225852,0.120371336579976,0.146286726415452,0.196714884681959,Stx1a*Cacna1b*Dmd*AI314180,0.357305405445013,0.28258784295309,0.338458338034825,0.202160442213747,-0.409960141360824,-0.409960141360824,-0.0511649582449302,-0.0221796243594624,0.0876717967982194,0.0876717967982194,,,-0.383120100148587,-0.383120100148587,0.0753525969705706,0.0753525969705706,0.40584702294658,0.0770206047096832,,,,,,,,,,,4,0,1,2,2,1,0,0,0.199450709842128,-0.0807917410431959,-0.0533337645157241,0,0.132387957062668,0.132387957062668,,,,,,,,,,0.0,0.0,Stx1a*Cacna1b*Dmd*AI314180*Excitatory.neurons*Excitatory.neurons
82,86,Stx1a,Cacna1b,Dmd,Sept11,Excitatory.neurons,Excitatory.neurons,0.0633915162225852,0.120371336579976,0.146286726415452,0.131000647319005,Stx1a*Cacna1b*Dmd*Sept11,0.381573264683411,0.320021939442029,0.253789277012603,0.165918910973421,-0.409960141360824,-0.409960141360824,-0.0511649582449302,-0.0221796243594624,0.0876717967982194,0.0876717967982194,,,-0.383120100148587,-0.383120100148587,0.0753525969705706,0.0753525969705706,0.40584702294658,0.0770206047096832,,,,,,,,,,,4,0,1,2,2,1,0,0,0.16441295984935,-0.0807917410431959,-0.0533337645157241,0,0.0973502070698902,0.0973502070698902,,,,,,,,,,0.0,0.0,Stx1a*Cacna1b*Dmd*Sept11*Excitatory.neurons*Excitatory.neurons
83,87,Stx1a,Cacna1b,Dmd,Kcnh1,Excitatory.neurons,Excitatory.neurons,0.0633915162225852,0.120371336579976,0.146286726415452,0.003394141501733,Stx1a*Cacna1b*Dmd*Kcnh1,0.316666775906481,0.272362832858161,0.217435666489112,0.108994544077892,-0.409960141360824,-0.409960141360824,-0.0511649582449302,-0.0221796243594624,0.0876717967982194,0.0876717967982194,,,-0.383120100148587,-0.383120100148587,0.0753525969705706,0.0753525969705706,0.40584702294658,0.0770206047096832,,,,,,,,,,,4,0,1,2,2,1,0,0,0.108564973733448,-0.0807917410431959,-0.0533337645157241,0,0.0415022209539882,0.0415022209539882,,,,,,,,,,0.0,0.0,Stx1a*Cacna1b*Dmd*Kcnh1*Excitatory.neurons*Excitatory.neurons
84,88,Stx1a,Cacna1b,Dmd,Scn1a,Excitatory.neurons,Excitatory.neurons,0.0633915162225852,0.120371336579976,0.146286726415452,0.121233104269458,Stx1a*Cacna1b*Dmd*Scn1a,0.373032328696152,0.310667621203115,0.263928779588901,0.16733103423561,-0.409960141360824,-0.409960141360824,-0.0511649582449302,-0.0221796243594624,0.0876717967982194,0.0876717967982194,6.84407094520213e-05,6.84407094520213e-05,-0.383120100148587,-0.383120100148587,0.0753525969705706,0.0753525969705706,0.40584702294658,0.0770206047096832,0.484672800889052,0.382563061595901,,,,,,,,,4,0,2,2,3,1,0,0,0.165786591299255,-0.0807746308658596,0.0378990527399207,0,0.144348802236285,0.144348802236285,,,,,,,,,,0.0,0.0,Stx1a*Cacna1b*Dmd*Scn1a*Excitatory.neurons*Excitatory.neurons
85,89,Stx1a,Cacna1b,Dmd,Gabra2,Excitatory.neurons,Excitatory.neurons,0.0633915162225852,0.120371336579976,0.146286726415452,-0.0435944194968216,Stx1a*Cacna1b*Dmd*Gabra2,0.316013588943278,0.276076094423323,0.194920627662693,0.0974063139625314,-0.409960141360824,-0.409960141360824,-0.0511649582449302,-0.0221796243594624,0.0876717967982194,0.0876717967982194,0.705622097035458,0.136373352996063,-0.383120100148587,-0.383120100148587,0.0753525969705706,0.0753525969705706,0.40584702294658,0.0770206047096832,0.692362974459894,0.692362974459894,,,,,,,,,3,1,2,2,3,1,0,0,0.0970994152730116,-0.0469081947352344,0.0965407034682172,0,0.121915669639503,0.121915669639503,,,,,,,,,,0.0,0.0,Stx1a*Cacna1b*Dmd*Gabra2*Excitatory.neurons*Excitatory.neurons
86,90,Stx1a,Cacna1b,Dmd,Car10,Excitatory.neurons,Excitatory.neurons,0.0633915162225852,0.120371336579976,0.146286726415452,0.0269081599920602,Stx1a*Cacna1b*Dmd*Car10,0.387502503483668,0.333404531022707,0.216931920114976,0.14478235415414,-0.409960141360824,-0.409960141360824,-0.0511649582449302,-0.0221796243594624,0.0876717967982194,0.0876717967982194,,,-0.383120100148587,-0.383120100148587,0.0753525969705706,0.0753525969705706,0.40584702294658,0.0770206047096832,,,,,,,,,,,4,0,1,2,2,1,0,0,0.143779125960365,-0.0807917410431959,-0.0533337645157241,0,0.0767163731809051,0.0767163731809051,,,,,,,,,,0.0,0.0,Stx1a*Cacna1b*Dmd*Car10*Excitatory.neurons*Excitatory.neurons
87,91,Stx1a,Cacna1b,Dmd,Lrp8,Excitatory.neurons,Excitatory.neurons,0.0633915162225852,0.120371336579976,0.146286726415452,0.101448022395997,Stx1a*Cacna1b*Dmd*Lrp8,0.227008004763072,0.156115256102971,0.540131641597752,0.15844358409766,-0.409960141360824,-0.409960141360824,-0.0511649582449302,-0.0221796243594624,0.0876717967982194,0.0876717967982194,,,-0.383120100148587,-0.383120100148587,0.0753525969705706,0.0753525969705706,0.40584702294658,0.0770206047096832,,,,,,,,,,,4,0,1,2,2,1,0,0,0.157130888859706,-0.0807917410431959,-0.0533337645157241,0,0.0900681360802456,0.0900681360802456,,,,,,,,,,0.0,0.0,Stx1a*Cacna1b*Dmd*Lrp8*Excitatory.neurons*Excitatory.neurons
88,92,Stx1a,Cacna1b,Dmd,Dync1i1,Excitatory.neurons,Excitatory.neurons,0.0633915162225852,0.120371336579976,0.146286726415452,-0.0510883251405881,Stx1a*Cacna1b*Dmd*Dync1i1,0.313308690773343,0.276258959866975,0.1815635327548,0.0895663606291934,-0.409960141360824,-0.409960141360824,-0.0511649582449302,-0.0221796243594624,0.0876717967982194,0.0876717967982194,-0.141851074181848,-0.141851074181848,-0.383120100148587,-0.383120100148587,0.0753525969705706,0.0753525969705706,0.40584702294658,0.0770206047096832,-0.144527641265747,-0.144527641265747,,,,,,,,,3,1,1,3,2,2,0,0,0.0893276222585249,-0.116018551177802,-0.0892161818851807,0,-0.0132897442729664,-0.0132897442729664,,,,,,,,,,0.0,0.0,Stx1a*Cacna1b*Dmd*Dync1i1*Excitatory.neurons*Excitatory.neurons
89,94,Stx1a,Cacna1b,Dmd,Gabrb1,Excitatory.neurons,Excitatory.neurons,0.0633915162225852,0.120371336579976,0.146286726415452,-0.116378480714239,Stx1a*Cacna1b*Dmd*Gabrb1,0.385674855628495,0.338112669227021,0.189881015762572,0.125931202327545,-0.409960141360824,-0.409960141360824,-0.0511649582449302,-0.0221796243594624,0.0876717967982194,0.0876717967982194,0.182641965300298,0.144306806306207,-0.383120100148587,-0.383120100148587,0.0753525969705706,0.0753525969705706,0.40584702294658,0.0770206047096832,0.388312050996649,0.178132957031138,,,,,,,,,3,1,2,2,3,1,0,0,0.125269697878166,-0.0449633967843337,-0.0092656557343177,0,0.0981551716188398,0.0981551716188398,,,,,,,,,,0.0,0.0,Stx1a*Cacna1b*Dmd*Gabrb1*Excitatory.neurons*Excitatory.neurons
90,95,Stx1a,Cacna1b,Dmd,Cadps,Excitatory.neurons,Excitatory.neurons,0.0633915162225852,0.120371336579976,0.146286726415452,0.221701629024787,Stx1a*Cacna1b*Dmd*Cadps,0.396054219621166,0.329710090482538,0.264499907966528,0.181701440748562,-0.409960141360824,-0.409960141360824,-0.0511649582449302,-0.0221796243594624,0.0876717967982194,0.0876717967982194,-0.0890937102362635,-0.0890937102362635,-0.383120100148587,-0.383120100148587,0.0753525969705706,0.0753525969705706,0.40584702294658,0.0770206047096832,0.216340100288223,0.216340100288223,,,,,,,0.0,0.0,4,0,1,3,3,1,0,1,0.179727850807993,-0.103006421938496,-7.70176958169722e-05,0,0.128186130990837,0.128186130990837,,,,,,,,,,0.0,0.0,Stx1a*Cacna1b*Dmd*Cadps*Excitatory.neurons*Excitatory.neurons
91,97,Stx1a,Cacna1b,Dmd,Ppib,Excitatory.neurons,Excitatory.neurons,0.0633915162225852,0.120371336579976,0.146286726415452,0.0254171628577946,Stx1a*Cacna1b*Dmd*Ppib,0.38588638207388,0.330726868498948,0.222535876167768,0.14769646704318,-0.409960141360824,-0.409960141360824,-0.0511649582449302,-0.0221796243594624,0.0876717967982194,0.0876717967982194,0.420496392295739,0.420496392295739,-0.383120100148587,-0.383120100148587,0.0753525969705706,0.0753525969705706,0.40584702294658,0.0770206047096832,,,,,,,,,,,4,0,2,2,2,1,0,0,0.146631793723832,0.0185453923093261,-0.0533337645157241,0,0.129237607620633,0.129237607620633,,,,,,,,,,0.0,0.0,Stx1a*Cacna1b*Dmd*Ppib*Excitatory.neurons*Excitatory.neurons
92,101,Stx1a,Cacna1b,Dmd,Kcnip4,Excitatory.neurons,Excitatory.neurons,0.0633915162225852,0.120371336579976,0.146286726415452,-0.0367305404383387,Stx1a*Cacna1b*Dmd*Kcnip4,0.417977867757738,0.360700533587355,0.212624995223746,0.156565370403898,-0.409960141360824,-0.409960141360824,-0.0511649582449302,-0.0221796243594624,0.0876717967982194,0.0876717967982194,0.0422096665910319,0.0348181064514403,-0.383120100148587,-0.383120100148587,0.0753525969705706,0.0753525969705706,0.40584702294658,0.0770206047096832,0.0119386651682259,0.0001961080610133,,,,,,,,,3,1,2,2,3,1,0,0,0.155298509853477,-0.0720907302262271,-0.0532847375010993,0,0.0926107759898142,0.0926107759898142,,,,,,,,,,0.0,0.0,Stx1a*Cacna1b*Dmd*Kcnip4*Excitatory.neurons*Excitatory.neurons
93,102,Stx1a,Cacna1b,Dmd,Myt1l,Excitatory.neurons,Excitatory.neurons,0.0633915162225852,0.120371336579976,0.146286726415452,0.0387979340257161,Stx1a*Cacna1b*Dmd*Myt1l,0.407710126439285,0.349417215023503,0.222593101552431,0.158788455581388,-0.409960141360824,-0.409960141360824,-0.0511649582449302,-0.0221796243594624,0.0876717967982194,0.0876717967982194,0.0287800851874272,9.00455327881954e-05,-0.383120100148587,-0.383120100148587,0.0753525969705706,0.0753525969705706,0.40584702294658,0.0770206047096832,0.0602965763107432,0.0225259390695011,,,,,,,,,4,0,2,2,3,1,0,0,0.157467227186918,-0.0807692296600597,-0.0477032320605109,0,0.0932309963266331,0.0932309963266331,,,,,,,,,,0.0,0.0,Stx1a*Cacna1b*Dmd*Myt1l*Excitatory.neurons*Excitatory.neurons
94,103,Stx1a,Cacna1b,Dmd,Cck,Excitatory.neurons,Excitatory.neurons,0.0633915162225852,0.120371336579976,0.146286726415452,-0.15915692994503,Stx1a*Cacna1b*Dmd*Cck,0.316897519975406,0.296437375030377,0.0962890141975758,0.0483197564367621,-0.409960141360824,-0.409960141360824,-0.0511649582449302,-0.0221796243594624,0.0876717967982194,0.0876717967982194,-0.143472053800862,-0.0088765496631362,-0.383120100148587,-0.383120100148587,0.0753525969705706,0.0753525969705706,0.40584702294658,0.0770206047096832,0.592351228553484,0.439891909033806,,,,,,,,,3,1,1,3,3,1,0,0,0.0482821858867943,-0.0830108201765531,0.0500549459257432,0,0.0318042487613894,0.0318042487613894,,,,,,,,,,0.0,0.0,Stx1a*Cacna1b*Dmd*Cck*Excitatory.neurons*Excitatory.neurons
95,105,Stx1a,Cacna1d,Dlg4,Grin2a,Excitatory.neurons,Excitatory.neurons,0.0633915162225852,0.048649483894545,0.236225585299372,0.0288111813968336,Stx1a*Cacna1d*Dlg4*Grin2a,0.338097014593143,0.277226516338206,0.286372021358696,0.158092768876576,-0.409960141360824,-0.409960141360824,,,-0.0951424699885132,-0.0951424699885132,-0.126087447034081,-0.126087447034081,-0.383120100148587,-0.383120100148587,,,-0.0623504625655674,-0.0572442390848237,0.0146018461827197,0.0146018461827197,,,,,0.0,0.0,0.0,0.0,4,0,0,3,1,2,0,2,0.156788716459364,-0.152179687534573,-0.1019987525934,0,0.0296994963953777,0.0296994963953777,,,,,,,,,,0.0,0.0,Stx1a*Cacna1d*Dlg4*Grin2a*Excitatory.neurons*Excitatory.neurons
96,106,Stx1a,Cacna1d,Dlg4,Grin2b,Excitatory.neurons,Excitatory.neurons,0.0633915162225852,0.048649483894545,0.236225585299372,0.0978667817506634,Stx1a*Cacna1d*Dlg4*Grin2b,0.342937439027126,0.280573847622532,0.289564873028353,0.163166524706733,-0.409960141360824,-0.409960141360824,,,-0.0951424699885132,-0.0951424699885132,-0.0439680761525628,-0.0439680761525628,-0.383120100148587,-0.383120100148587,,,-0.0623504625655674,-0.0572442390848237,0.0374105778547751,0.0374105778547751,,,,,0.0,0.0,0.0,0.0,4,0,0,3,1,2,0,2,0.161733769402971,-0.131808756893057,-0.0963006709819231,0,0.0476790554654813,0.0476790554654813,,,,,,,,,,0.0,0.0,Stx1a*Cacna1d*Dlg4*Grin2b*Excitatory.neurons*Excitatory.neurons
97,107,Stx1a,Cacna1d,Snap25,Gria2,Excitatory.neurons,Excitatory.neurons,0.0633915162225852,0.048649483894545,-0.053864320192355,0.0172175847961439,Stx1a*Cacna1d*Snap25*Gria2,0.433308848199531,0.398297318698839,0.121549929209105,0.0936140997042098,-0.409960141360824,-0.409960141360824,,,-0.0568695097714712,-0.0568695097714712,-0.065882797425021,-0.065882797425021,-0.383120100148587,-0.383120100148587,,,0.0746593121041717,0.0716150817330258,0.127462969294651,0.0504432156004126,,,,,,,0.0,0.0,3,1,0,3,2,1,0,1,0.0933415894351681,-0.127758689349135,-0.0608801625457684,0,-0.0009778365122834,-0.0009778365122834,,,,,,,,,,0.0,0.0,Stx1a*Cacna1d*Snap25*Gria2*Excitatory.neurons*Excitatory.neurons
98,108,Stx1a,Cacna1d,Dlg2,Grin2a,Excitatory.neurons,Excitatory.neurons,0.0633915162225852,0.048649483894545,-0.0279253490566827,0.0288111813968336,Stx1a*Cacna1d*Dlg2*Grin2a,0.406391508209748,0.373848273058323,0.120417387738484,0.085542943804001,-0.409960141360824,-0.409960141360824,,,,,-0.126087447034081,-0.126087447034081,-0.383120100148587,-0.383120100148587,,,,,0.0146018461827197,0.0146018461827197,,,,,,,0.0,0.0,3,1,0,2,1,1,0,1,0.0853348965324312,-0.128465580966158,-0.0877033043439989,0,-0.022749546122647,-0.022749546122647,,,,,,,,,,0.0,0.0,Stx1a*Cacna1d*Dlg2*Grin2a*Excitatory.neurons*Excitatory.neurons
99,109,Stx1a,Cacna1d,Dlg2,Grin2b,Excitatory.neurons,Excitatory.neurons,0.0633915162225852,0.048649483894545,-0.0279253490566827,0.0978667817506634,Stx1a*Cacna1d*Dlg2*Grin2b,0.412209682583364,0.378362249702869,0.123610239408141,0.0894274070508383,-0.409960141360824,-0.409960141360824,,,,,-0.0439680761525628,-0.0439680761525628,-0.383120100148587,-0.383120100148587,,,,,0.0374105778547751,0.0374105778547751,,,,,,,0.0,0.0,3,1,0,2,1,1,0,1,0.0891897757395836,-0.108094650324642,-0.0820052227325221,0,-0.0058601607889982,-0.0058601607889982,,,,,,,,,,0.0,0.0,Stx1a*Cacna1d*Dlg2*Grin2b*Excitatory.neurons*Excitatory.neurons
